"Макарова";"Мариан";"milen_84@ao.com";"85608095832";"2007-04-20";"";"2018-02-13";"2020-02-13"
"Устинова";"Клавдия";"grigori2005@lukol.net";"+7 (337) 502-3152";"2017-06-09";""
"Фролов";"Родион";"seliverstovauljana@mail.ru";"8 (944) 941-40-80";"2002-05-11";"";"2016-02-14";"2018-02-13";"2018-02-13";"2020-02-13"
"Захарова";"Арсений";"zuevaglafira@martinova.ru";"8 (365) 362-6344";"2010-11-02";"";"2016-02-14";"2018-02-13";"2020-02-13";""
"Никифорова";"Амвросий";"evgraf_26@npo.org";"8 172 654 36 51";"2013-01-20";"";"2016-02-14";"2018-02-13"
"Красильников";"Лучезар";"trofim1978@yandex.ru";"+7 (202) 529-33-02";"2007-08-17";"";"2018-02-13";"2020-02-13"
"Воробьева";"Севастьян";"pavlovkonstantin@yandex.ru";"+72111646176";"2017-12-05";""
"Калашников";"Алла";"juli24@gmail.com";"+7 646 906 95 14";"2009-02-04";""
"Чернова";"Ираклий";"sofon_41@pahomova.biz";"8 (657) 145-24-23";"2000-07-14";"";"2018-02-13";"2020-02-13";"2020-02-13";""
"Рожкова";"Агафон";"suvorovsvjatoslav@ao.info";"+7 (176) 037-5867";"2014-12-01";"";"2018-02-13";"2020-02-13";"2020-02-13";""
"Суханов";"Владлен";"konstantin_70@hotmail.com";"+7 (529) 282-2458";"2015-08-19";""
"Воронцова";"Иннокентий";"mina_75@yandex.ru";"81274377906";"2014-06-03";"";"2016-02-14";"2018-02-13";"2018-02-13";"2020-02-13";"2020-02-13";""
"Аксенова";"Тимофей";"ksenija_08@yahoo.com";"8 (715) 248-37-29";"2013-06-19";"";"2016-02-14";"2018-02-13";"2018-02-13";"2020-02-13";"2020-02-13";""
"Зимин";"Потап";"zinovi1991@gmail.com";"+7 (948) 690-01-08";"2019-06-26";"";"2020-02-13";""
"Дьячкова";"Сергей";"isakovbudimir@gruppa.ru";"+7 (345) 601-98-73";"2004-12-21";"";"2016-02-14";"2018-02-13"
"Гришин";"Зиновий";"gromovamarfa@rambler.ru";"+7 (393) 695-07-98";"2006-05-09";"";"2020-02-13";""
"Андреев";"Михаил";"avdeevvladilen@mailru.biz";"8 785 460 71 65";"2017-09-06";"";"2020-02-13";""
"Егоров";"Милица";"duvarova@yahoo.com";"8 327 372 94 80";"2017-02-20";""
"Богданов";"Кондратий";"pefremova@yandex.ru";"80353000645";"2005-04-29";"";"2018-02-13";"2020-02-13"
"Доронина";"Викентий";"kudrjashovpankrat@npo.ru";"8 446 458 51 52";"2014-08-02";"2014-10-23"
"Александров";"Анисим";"gordeevdanila@ao.edu";"+7 (092) 738-2790";"2009-09-30";"";"2016-02-14";"2018-02-13"
"Зимин";"Лаврентий";"samuil_1981@korporatsija.info";"+7 008 123 16 69";"2019-08-21";"2019-12-15"
"Ефимов";"Лора";"volkovfedor@rambler.ru";"+70230044875";"2016-10-07";""
"Абрамова";"Ким";"savvatiovchinnikov@rambler.ru";"+7 276 937 50 40";"2011-01-12";""
"Попов";"Мирон";"alevtina_1986@isakova.info";"+7 (881) 795-2713";"2001-09-18";"";"2016-02-14";"2018-02-13"
"Фомина";"Авксентий";"mlebedev@mms.org";"8 867 644 1793";"2004-05-09";""
"Лыткин";"Аверкий";"larisa_20@rambler.ru";"+7 (374) 333-08-71";"2017-11-21";""
"Ершов";"Панкрат";"bbobrov@rambler.ru";"8 494 105 8950";"2015-05-24";""
"Алексеева";"Глеб";"bnikonova@rambler.ru";"+7 158 990 2540";"2009-03-11";""
"Евдокимова";"Дементий";"svetlana2011@rambler.ru";"8 (180) 187-58-04";"2000-07-29";""
"Трофимова";"Любосмысл";"simonovanike@yahoo.com";"+7 (063) 079-3993";"2011-03-05";""
"Морозов";"Олимпиада";"martjan2017@yahoo.com";"+74800053103";"2009-04-14";"2010-10-14"
"Герасимов";"Вячеслав";"kuprijandjachkov@psma.biz";"8 (998) 839-8675";"2007-03-25";""
"Дементьева";"Пимен";"vorobevlavrenti@rao.biz";"+7 533 776 85 76";"2014-06-07";""
"Тетерина";"Эрнст";"amvrosi1976@oao.info";"88616946901";"2012-11-12";""
"Ермаков";"Бронислав";"ivan72@ao.edu";"+7 (398) 042-27-93";"2007-10-16";"2009-09-01"
"Туров";"Антонина";"nikitinafinogen@gmail.com";"+7 174 006 50 82";"2001-08-05";""
"Харитонов";"Ювеналий";"emmanuil_2015@don-stro.info";"8 (412) 018-66-45";"2004-08-02";""
"Голубев";"Викторин";"akulina52@hotmail.com";"+7 (105) 104-43-89";"2004-07-20";"2009-02-20"
